,count,mean,std,min,25%,50%,75%,max
Time,284807.0,94813.859375,47488.14453125,0.0,54201.5,84692.0,139320.5,172792.0
Amount,284807.0,88.34961700439453,250.1201171875,0.0,5.599999904632568,22.0,77.16500091552734,25691.16015625
